,state,year,abortionstotal,birthstotal,pregnancyratetotal,birthratetotal,abortionratetotal,abortionratiototal,miscarriagestotal,pregnanciestotal
0,AL,1988,20100,60745,100.5,64.3,21.3,330.9,14160,95000
1,AL,1992,17720,62260,97.8,64.6,18.4,284.6,14220,94200
2,AL,1996,14940,60488,90.9,61.8,15.3,247.0,13590,89020
3,AL,2000,13060,63299,93.1,65.2,13.5,206.3,13970,90320
4,AL,2005,10840,60453,88.8,63.6,11.4,179.3,13170,84470
5,AL,2006,10980,63232,92.0,66.1,11.5,173.7,13740,87960
6,AL,2007,11130,64804,93.9,67.6,11.6,171.7,14070,90010
7,AL,2008,11020,64546,93.2,67.2,11.5,170.7,14010,89580
8,AL,2009,10530,62475,90.0,64.9,10.9,168.5,13550,86550
9,AL,2010,10030,60050,86.5,62.5,10.4,167.1,13010,83100
10,AL,2011,9600,59354,85.3,61.9,10.0,161.8,12830,81790
11,AL,2012,8920,58448,83.3,60.9,9.3,152.6,12580,79950
12,AL,2013,8230,58167,82.0,60.5,8.6,141.5,12460,78850
13,AL,2014,8310,59422,83.8,61.9,8.7,139.9,12720,80450
14,AL,2015,8150,59657,84.2,62.4,8.5,136.5,12750,80550
15,AL,2016,7920,59151,83.7,62.1,8.3,133.9,12620,79690
16,AL,2017,7660,58941,83.3,62.0,8.1,129.9,12550,79150
17,AK,1988,2700,11232,120.4,82.2,19.8,240.4,2520,16450
18,AK,1992,2800,11726,119.1,81.5,19.5,238.8,2630,17150
19,AK,1996,2310,10037,100.8,69.3,16.0,230.1,2240,14590
20,AK,2000,1900,9974,99.6,70.7,13.5,190.5,2180,14060
21,AK,2005,2130,10459,105.2,73.9,15.0,203.7,2300,14890
22,AK,2006,2060,10996,108.6,77.2,14.5,187.8,2410,15470
23,AK,2007,2000,11052,109.1,78.0,14.1,181.0,2410,15460
24,AK,2008,1960,11442,112.9,81.3,13.9,171.6,2480,15890
25,AK,2009,2040,11324,111.1,79.5,14.3,180.1,2470,15830
26,AK,2010,2120,11471,111.8,79.7,14.7,184.6,2510,16090
27,AK,2011,2030,11456,110.0,78.8,14.0,177.3,2490,15980
28,AK,2012,1890,11187,105.8,76.3,12.9,168.8,2430,15500
29,AK,2013,1740,11446,106.1,77.5,11.8,152.4,2460,15650
30,AK,2014,1640,11392,105.2,77.5,11.1,143.8,2440,15470
31,AK,2015,1540,11282,104.0,77.0,10.5,136.2,2410,15230
32,AK,2016,1450,11209,102.3,76.2,9.9,129.4,2390,15050
33,AK,2017,1420,10445,96.3,71.4,9.7,135.8,2230,14090
34,AZ,1988,22200,65623,125.4,79.8,27.0,338.3,15340,103170
35,AZ,1992,21200,68829,120.7,78.4,24.2,308.0,15890,105910
36,AZ,1996,20120,75322,112.0,74.9,20.0,267.1,17080,112520
37,AZ,2000,18410,85273,112.5,78.3,16.9,215.9,18900,122580
38,AZ,2005,19710,96199,114.9,80.6,16.5,204.9,21210,137120
39,AZ,2006,18850,102429,117.2,83.5,15.4,184.0,22370,143650
40,AZ,2007,17990,102981,115.1,82.6,14.4,174.7,22400,143370
41,AZ,2008,19770,99442,112.0,79.0,15.7,198.8,21870,141080
42,AZ,2009,17480,92798,103.4,73.5,13.8,188.4,20310,130590
43,AZ,2010,15190,87477,96.3,69.2,12.0,173.7,19010,121690
44,AZ,2011,16270,85543,94.7,67.2,12.8,190.2,18740,120550
45,AZ,2012,15040,86441,93.6,67.3,11.7,174.0,18790,120280
46,AZ,2013,13820,85600,90.9,66.0,10.7,161.4,18500,117920
47,AZ,2014,13240,86887,90.5,66.2,10.1,152.3,18700,118820
48,AZ,2015,13640,85351,88.7,64.4,10.3,159.8,18430,117420
49,AZ,2016,14040,84520,87.2,63.1,10.5,166.1,18310,116870
50,AZ,2017,13270,81872,83.3,60.4,9.8,162.1,17700,112840
51,AR,1988,7860,35035,96.9,67.0,15.0,224.3,7790,50690
52,AR,1992,8690,34820,97.0,65.8,16.4,249.6,7830,51340
53,AR,1996,6680,36371,92.1,65.7,12.1,183.7,7940,50990
54,AR,2000,5880,37783,92.0,67.1,10.4,155.6,8140,51810
55,AR,2005,5200,39208,93.5,69.5,9.2,132.6,8360,52770
56,AR,2006,5450,40961,97.0,72.1,9.6,132.9,8740,55140
57,AR,2007,5690,41378,98.3,72.7,10.0,137.5,8840,55910
58,AR,2008,5710,40669,96.8,71.5,10.0,140.5,8710,55090
59,AR,2009,5630,39808,94.9,70.0,9.9,141.5,8520,53960
60,AR,2010,5490,38540,91.7,67.6,9.6,142.4,8260,52280
61,AR,2011,5210,38715,91.1,67.6,9.1,134.5,8260,52180
62,AR,2012,5010,38347,89.6,66.7,8.7,130.6,8170,51520
63,AR,2013,4810,37832,88.0,65.7,8.3,127.1,8050,50690
64,AR,2014,4350,38511,88.4,66.8,7.5,113.0,8140,51000
65,AR,2015,3930,38886,88.4,67.4,6.8,101.2,8170,50990
66,AR,2016,3590,38274,86.5,66.4,6.2,93.9,8010,49880
67,AR,2017,3710,37520,85.1,65.0,6.4,98.9,7880,49110
68,CA,1988,311440,533148,141.8,76.9,44.9,584.2,137770,982360
69,CA,1992,303850,601730,145.0,82.6,41.7,505.0,150730,1056310
70,CA,1996,237870,539433,125.6,74.5,32.9,441.0,131670,908980
71,CA,2000,235670,531959,118.4,70.2,31.1,443.0,129960,897590
72,CA,2005,206260,548882,113.7,70.5,26.5,375.8,130400,885540
73,CA,2006,213550,562440,116.7,72.1,27.4,379.7,133840,909830
74,CA,2007,220840,566414,118.2,72.6,28.3,389.9,135370,922620
75,CA,2008,211930,551779,114.4,70.5,27.1,384.1,131550,895260
76,CA,2009,200720,527020,108.7,67.1,25.6,380.9,125480,853220
77,CA,2010,189110,510198,104.0,64.7,24.0,370.7,120950,820260
78,CA,2011,177360,502120,100.6,63.4,22.4,353.2,118160,797640
79,CA,2012,170420,503755,99.5,63.3,21.4,338.3,117790,791970
80,CA,2013,163550,494705,96.7,61.9,20.5,330.6,115300,773550
81,CA,2014,156690,502879,96.7,62.7,19.5,311.6,116240,775810
82,CA,2015,148000,491748,93.6,61.1,18.4,301.0,113150,752900
83,CA,2016,139320,488827,91.8,60.6,17.3,285.0,111700,739840
84,CA,2017,131380,471658,88.1,58.5,16.3,278.6,107470,710510
85,CO,1988,17550,53367,102.6,65.7,21.6,328.9,12430,83350
86,CO,1992,18410,54535,101.7,64.7,21.9,337.6,12750,85690
87,CO,1996,16670,55807,92.4,60.5,18.1,298.7,12830,85310
88,CO,2000,12950,65438,95.2,67.1,13.3,197.9,14380,92770
89,CO,2005,14720,68944,99.8,69.6,14.9,213.5,15260,98920
90,CO,2006,14990,70751,101.7,70.9,15.0,211.9,15650,101400
91,CO,2007,15160,70809,101.2,70.5,15.1,214.1,15680,101650
92,CO,2008,14920,70031,99.2,69.1,14.7,213.0,15500,100450
93,CO,2009,14330,68628,96.1,67.2,14.0,208.7,15160,98110
94,CO,2010,13730,66355,92.1,64.5,13.4,206.9,14640,94730
95,CO,2011,13130,65055,88.8,62.4,12.6,201.8,14320,92510
96,CO,2012,12400,65187,87.0,61.8,11.7,190.2,14280,91860
97,CO,2013,11660,65007,84.9,60.8,10.9,179.4,14170,90840
98,CO,2014,11760,65830,84.9,60.8,10.9,178.7,14340,91940
99,CO,2015,11410,66581,83.7,60.3,10.3,171.3,14460,92450
100,CO,2016,11050,66613,82.0,59.3,9.8,165.9,14430,92090
101,CO,2017,11100,64382,78.5,56.5,9.7,172.5,13990,89470
102,CT,1988,24470,48077,107.4,61.0,31.0,509.0,12060,84610
103,CT,1992,20100,47573,104.3,62.6,26.5,422.5,11520,79200
104,CT,1996,16510,44469,97.2,60.5,22.4,371.3,10540,71520
105,CT,2000,15460,43026,95.0,59.5,21.4,359.3,10150,68640
106,CT,2005,17340,41718,97.4,58.8,24.4,415.6,10080,69140
107,CT,2006,17580,41820,98.4,59.2,24.9,420.4,10120,69520
108,CT,2007,17730,41660,99.1,59.4,25.3,425.6,10110,69500
109,CT,2008,17210,40399,96.4,57.8,24.6,426.1,9800,67410
110,CT,2009,16350,38896,93.0,56.0,23.5,420.3,9410,64660
111,CT,2010,15480,37708,90.0,54.5,22.4,410.6,9090,62280
112,CT,2011,14630,37281,88.2,54.1,21.2,392.3,8920,60830
113,CT,2012,13900,36539,86.0,53.2,20.2,380.4,8700,59130
114,CT,2013,13360,36085,84.8,52.8,19.5,370.3,8550,58000
115,CT,2014,13280,36285,85.3,53.3,19.5,365.9,8580,58150
116,CT,2015,12770,35746,84.2,52.8,18.9,357.2,8430,56940
117,CT,2016,12260,36015,84.4,53.6,18.2,340.5,8430,56710
118,CT,2017,11950,35221,82.7,52.6,17.8,339.2,8240,55410
119,DE,1988,4570,10406,110.7,65.8,28.9,439.2,2540,17510
120,DE,1992,4620,10656,108.8,64.9,28.1,433.6,2590,17870
121,DE,1996,2970,10155,90.6,59.6,17.4,292.5,2330,15450
122,DE,2000,3920,11051,101.0,63.5,22.5,354.7,2600,17570
123,DE,2005,4140,11643,103.8,65.3,23.2,355.6,2740,18530
124,DE,2006,4990,11989,111.0,66.9,27.9,416.6,2900,19880
125,DE,2007,5850,12170,117.0,67.7,32.5,480.7,3020,21040
126,DE,2008,5650,12090,115.1,67.2,31.4,467.4,2980,20720
127,DE,2009,5520,11559,111.0,64.4,30.7,477.2,2860,19940
128,DE,2010,5380,11364,109.2,63.4,30.0,473.6,2810,19560
129,DE,2011,4690,11257,104.2,62.8,26.2,416.8,2720,18670
130,DE,2012,4010,11023,98.5,61.6,22.4,363.6,2610,17640
131,DE,2013,3340,10831,92.9,60.4,18.6,308.6,2500,16670
132,DE,2014,3200,10972,92.9,61.1,17.8,291.6,2510,16690
133,DE,2015,3040,11166,93.3,62.2,16.9,272.2,2540,16740
134,DE,2016,2880,10992,91.5,61.5,16.1,261.9,2490,16360
135,DE,2017,2770,10855,89.9,60.7,15.5,254.8,2450,16070
136,DC,1988,13830,10540,159.7,60.4,79.3,1312.1,3490,27860
137,DC,1992,11040,10960,158.0,68.4,68.9,1007.3,3300,25300
138,DC,1996,5620,8390,110.2,56.9,38.1,669.8,2240,16250
139,DC,2000,5750,7666,108.0,53.4,40.0,750.1,2110,15520
140,DC,2005,6390,7971,115.3,55.4,44.4,801.7,2230,16590
141,DC,2006,5900,8523,113.6,57.9,40.1,691.7,2290,16710
142,DC,2007,5400,8864,111.0,59.4,36.2,609.2,2310,16580
143,DC,2008,5880,9130,114.0,59.7,38.4,643.6,2410,17420
144,DC,2009,4970,9040,103.7,57.4,31.6,549.8,2310,16320
145,DC,2010,4060,9165,94.7,56.1,24.9,443.5,2240,15470
146,DC,2011,3400,9295,89.1,55.6,20.3,365.4,2200,14890
147,DC,2012,3570,9399,88.8,54.9,20.8,379.4,2240,15200
148,DC,2013,3740,9288,87.3,53.2,21.4,402.2,2230,15250
149,DC,2014,3800,9509,87.8,53.6,21.4,399.2,2280,15590
150,DC,2015,3330,9578,83.6,52.8,18.4,347.7,2250,15160
151,DC,2016,2870,9858,81.4,53.6,15.6,290.6,2260,14980
152,DC,2017,3930,9560,84.6,51.2,21.1,411.4,2310,15800
153,FL,1988,75820,184119,113.5,68.7,28.3,411.8,44410,304340
154,FL,1992,77320,191713,109.0,66.3,26.8,403.3,46070,315110
155,FL,1996,90160,189392,106.5,61.8,29.4,476.0,46890,326450
156,FL,2000,96000,204125,108.4,63.1,29.7,470.3,50430,350550
157,FL,2005,85360,226240,103.9,64.3,24.3,377.3,53780,365380
158,FL,2006,86980,236802,106.5,66.4,24.4,367.3,56060,379840
159,FL,2007,88600,239165,107.4,66.8,24.8,370.5,56690,384460
160,FL,2008,86310,231445,104.2,64.7,24.1,372.9,54920,372670
161,FL,2009,84150,221394,100.6,62.2,23.6,380.1,52690,358240
162,FL,2010,82020,214590,97.5,60.2,23.0,382.2,51120,347730
163,FL,2011,79890,213414,96.0,59.6,22.3,374.3,50670,343980
164,FL,2012,76730,213148,94.1,59.0,21.2,360.0,50300,340180
165,FL,2013,73560,215407,93.1,59.1,20.2,341.5,50440,339400
166,FL,2014,72630,219991,93.3,59.7,19.7,330.1,51260,343880
167,FL,2015,69390,224269,92.6,60.1,18.6,309.4,51790,345450
168,FL,2016,66150,225022,90.6,59.5,17.5,294.0,51620,342790
169,FL,2017,68640,223630,89.8,58.4,17.9,306.9,51590,343850
170,GA,1988,35320,105923,104.4,66.6,22.2,333.4,24720,165960
171,GA,1992,39970,111116,105.9,66.4,23.9,359.7,26220,177310
172,GA,1996,35230,114043,97.7,63.5,19.6,308.9,26330,175600
173,GA,2000,32270,132644,102.2,69.6,16.9,243.3,29760,194670
174,GA,2005,32040,142200,103.4,71.4,16.1,225.3,31640,205880
175,GA,2006,32690,148633,105.8,73.4,16.1,220.0,33000,214320
176,GA,2007,33680,151137,106.3,73.6,16.4,222.8,33600,218410
177,GA,2008,39370,146603,105.9,70.8,19.0,268.5,33260,219230
178,GA,2009,37260,141377,101.5,68.1,18.0,263.6,32000,210640
179,GA,2010,35160,133947,96.1,64.6,16.9,262.5,30310,199410
180,GA,2011,34460,132409,94.8,63.7,16.6,260.3,29930,196800
181,GA,2012,33620,130280,92.6,62.4,16.1,258.0,29420,193310
182,GA,2013,32550,128748,91.0,61.6,15.6,252.8,29000,190300
183,GA,2014,31120,130946,91.1,62.3,14.8,237.6,29300,191370
184,GA,2015,31750,131404,91.2,62.2,15.0,241.6,29460,192610
185,GA,2016,32390,130042,90.0,61.1,15.2,249.1,29250,191680
186,GA,2017,32520,129243,89.0,60.3,15.2,251.6,29100,190870
187,HI,1988,11120,19045,137.6,74.7,43.6,583.9,4920,35090
188,HI,1992,12180,19864,140.7,75.0,46.0,613.2,5190,37230
189,HI,1996,6930,18401,113.5,70.3,26.5,376.6,4370,29700
190,HI,2000,5630,17551,107.5,69.2,22.2,320.8,4070,27250
191,HI,2005,5330,17924,105.7,69.2,20.6,297.4,4120,27370
192,HI,2006,5490,18982,110.5,72.8,21.0,289.2,4350,28820
193,HI,2007,5650,19134,112.4,73.7,21.8,295.3,4390,29180
194,HI,2008,5650,19484,113.6,74.8,21.7,289.8,4460,29590
195,HI,2009,5590,18887,110.3,72.3,21.4,295.8,4340,28810
196,HI,2010,5530,18988,109.9,72.3,21.0,291.1,4350,28870
197,HI,2011,5540,18956,108.9,71.6,20.9,292.3,4350,28840
198,HI,2012,4900,18980,105.7,71.2,18.4,258.2,4290,28170
199,HI,2013,4260,18987,102.7,70.9,15.9,224.5,4220,27470
200,HI,2014,3750,18550,98.8,69.5,14.0,202.0,4080,26380
201,HI,2015,3370,18420,96.7,69.0,12.6,182.8,4020,25810
202,HI,2016,3130,18059,94.0,67.6,11.7,173.2,3920,25110
203,HI,2017,3220,17517,92.5,66.0,12.1,183.6,3830,24560
204,ID,1988,2760,15741,100.5,72.2,12.7,175.3,3420,21930
205,ID,1992,2420,17362,99.2,73.3,10.2,139.4,3710,23500
206,ID,1996,2450,18625,94.1,70.0,9.2,131.5,3970,25050
207,ID,2000,2750,20366,98.6,73.1,9.9,135.0,4350,27460
208,ID,2005,2540,23062,104.3,78.9,8.7,110.1,4870,30470
209,ID,2006,2700,24184,107.7,81.4,9.1,111.6,5110,31990
210,ID,2007,2860,25019,110.0,83.0,9.5,114.3,5290,33170
211,ID,2008,2580,25149,108.3,82.5,8.5,102.4,5290,33010
212,ID,2009,2490,23737,102.0,77.6,8.1,104.7,5000,31220
213,ID,2010,2410,23198,99.5,75.7,7.9,103.8,4880,30490
214,ID,2011,2340,22305,95.2,72.4,7.6,104.9,4690,29340
215,ID,2012,2090,22963,96.5,74.2,6.8,91.2,4800,29860
216,ID,2013,1850,22383,92.8,71.9,5.9,82.7,4660,28900
217,ID,2014,1790,22876,93.6,72.8,5.7,78.5,4750,29430
218,ID,2015,1780,22827,92.5,72.0,5.6,78.2,4740,29360
219,ID,2016,1780,22482,89.4,69.5,5.5,79.1,4670,28930
220,ID,2017,1790,22181,86.5,67.1,5.4,80.6,4610,28580
221,IL,1988,72500,184841,112.2,68.8,27.0,392.2,44220,301560
222,IL,1992,66500,191396,111.5,70.5,24.5,347.4,44930,302830
223,IL,1996,66920,183180,107.0,66.8,24.4,365.3,43330,293430
224,IL,2000,58370,185036,104.4,67.5,21.3,315.5,42840,286250
225,IL,2005,48420,179020,100.3,67.0,18.1,270.5,40650,268090
226,IL,2006,48560,180572,101.5,67.9,18.2,268.9,40970,270100
227,IL,2007,48710,180836,101.9,68.1,18.3,269.4,41040,270580
228,IL,2008,51670,176795,101.6,66.8,19.5,292.2,40530,268990
229,IL,2009,47020,171163,97.3,64.8,17.8,274.7,38930,257120
230,IL,2010,42370,165200,93.1,62.8,16.1,256.5,37280,244850
231,IL,2011,42360,161312,91.5,61.5,16.1,262.6,36500,240170
232,IL,2012,42020,159160,90.7,60.9,16.1,264.0,36030,237210
233,IL,2013,41430,156931,89.7,60.2,15.9,264.0,35530,233880
234,IL,2014,40120,158556,90.4,61.1,15.5,253.1,35720,234400
235,IL,2015,38830,158116,90.3,61.4,15.1,245.6,35510,232460
236,IL,2016,37590,154445,88.9,60.6,14.7,243.4,34650,226680
237,IL,2017,37770,149390,87.3,59.1,14.9,252.8,33650,220810
238,IN,1988,20930,81643,93.4,63.0,16.2,256.4,18420,120990
239,IN,1992,21170,84140,94.2,63.8,16.0,251.6,18950,124260
240,IN,1996,18340,83513,89.8,62.3,13.7,219.6,18540,120390
241,IN,2000,15140,87699,92.0,66.2,11.4,172.6,19050,121890
242,IN,2005,13180,87193,91.5,67.0,10.1,151.2,18760,119130
243,IN,2006,12810,88631,92.6,68.1,9.8,144.5,19010,120450
244,IN,2007,12440,89864,93.6,69.2,9.6,138.4,19220,121520
245,IN,2008,12300,88742,92.6,68.5,9.5,138.5,18980,120010
246,IN,2009,12020,86673,90.8,67.1,9.3,138.7,18540,117230
247,IN,2010,11600,83940,88.2,65.2,9.0,138.2,17950,113490
248,IN,2011,10710,83701,87.2,65.0,8.3,128.0,17810,112230
249,IN,2012,10200,83227,86.3,64.6,7.9,122.6,17670,111090
250,IN,2013,9910,83102,85.6,64.3,7.7,119.3,17610,110630
251,IN,2014,10130,84080,86.6,65.0,7.8,120.4,17830,112030
252,IN,2015,10190,84040,86.7,65.0,7.9,121.3,17830,112060
253,IN,2016,10240,83091,85.8,64.3,7.9,123.3,17640,110970
254,IN,2017,10270,82170,84.9,63.5,7.9,125.0,17460,109910
255,IA,1988,10480,38119,93.3,62.1,17.1,274.9,8670,57270
256,IA,1992,7480,38469,88.4,62.5,12.2,194.4,8440,54390
257,IA,1996,6150,37139,82.6,59.8,9.9,165.6,8040,51330
258,IA,2000,6280,38266,86.5,62.7,10.3,164.1,8280,52830
259,IA,2005,6130,39311,91.8,66.9,10.4,155.9,8480,53920
260,IA,2006,6390,40607,95.4,69.5,10.9,157.5,8760,55760
261,IA,2007,6660,40886,97.0,70.3,11.5,162.9,8840,56390
262,IA,2008,6160,40224,95.0,69.4,10.6,153.2,8660,55050
263,IA,2009,6010,39701,94.0,68.8,10.4,151.4,8540,54250
264,IA,2010,5860,38719,91.7,67.1,10.1,151.3,8330,52910
265,IA,2011,5430,38214,89.4,65.9,9.4,142.1,8190,51830
266,IA,2012,4790,38702,89.1,66.7,8.3,123.8,8220,51710
267,IA,2013,4150,39094,88.1,66.9,7.1,106.2,8230,51480
268,IA,2014,3930,39687,88.5,67.6,6.7,99.0,8330,51950
269,IA,2015,3990,39482,88.0,67.1,6.8,101.1,8300,51770
270,IA,2016,4050,39403,87.8,66.9,6.9,102.8,8290,51740
271,IA,2017,3650,38430,84.8,65.0,6.2,95.0,8050,50130
272,KS,1988,7210,38792,97.9,69.7,13.0,185.9,8480,54480
273,KS,1992,7140,38027,95.2,67.7,12.7,187.8,8320,53490
274,KS,1996,6940,36651,89.9,63.8,12.1,189.4,8020,51620
275,KS,2000,6440,39666,95.3,69.1,11.2,162.4,8580,54680
276,KS,2005,5620,39888,96.6,71.3,10.0,140.9,8540,54050
277,KS,2006,5670,40968,99.7,73.7,10.2,138.4,8760,55400
278,KS,2007,5720,42004,102.2,75.7,10.3,136.2,8970,56700
279,KS,2008,5670,41833,101.9,75.6,10.2,135.5,8930,56440
280,KS,2009,4830,41396,99.3,74.8,8.7,116.7,8760,54990
281,KS,2010,3990,40649,95.7,73.2,7.2,98.1,8530,53170
282,KS,2011,3870,39642,93.1,71.2,7.0,97.7,8320,51830
283,KS,2012,3910,40341,94.3,72.2,7.0,96.8,8460,52700
284,KS,2013,3940,38839,91.0,69.4,7.0,101.4,8160,50940
285,KS,2014,3800,39223,91.5,70.1,6.8,96.9,8220,51250
286,KS,2015,3660,39154,90.9,69.8,6.5,93.5,8200,51010
287,KS,2016,3520,38053,88.4,67.9,6.3,92.6,7960,49540
288,KS,2017,3520,36519,85.3,65.3,6.3,96.5,7660,47700
289,KY,1988,10090,51058,83.2,58.7,11.6,197.6,11220,72370
290,KY,1992,9850,53840,85.9,61.3,11.2,182.9,11750,75440
291,KY,1996,7890,52706,80.5,59.0,8.8,149.7,11330,71930
292,KY,2000,6720,56029,84.0,63.1,7.6,119.9,11880,74630
293,KY,2005,6060,56444,85.7,65.0,7.0,107.4,11890,74400
294,KY,2006,6080,58250,88.4,67.3,7.0,104.4,12260,76590
295,KY,2007,6110,59368,90.3,68.8,7.1,102.9,12480,77960
296,KY,2008,6380,58375,89.4,67.7,7.4,109.3,12310,77070
297,KY,2009,6170,57551,88.6,67.2,7.2,107.2,12130,75850
298,KY,2010,5960,55784,85.9,65.2,7.0,106.8,11750,73500
299,KY,2011,5820,55370,85.1,64.7,6.8,105.1,11660,72850
300,KY,2012,5500,55758,85.4,65.2,6.4,98.6,11700,72960
301,KY,2013,5180,55686,84.8,65.1,6.1,93.0,11660,72520
302,KY,2014,5180,56170,85.7,65.9,6.1,92.2,11750,73100
303,KY,2015,4910,55971,85.2,65.7,5.8,87.7,11690,72570
304,KY,2016,4640,55449,84.4,65.3,5.5,83.7,11550,71650
305,KY,2017,4780,54752,83.6,64.5,5.6,87.2,11430,70960
306,LA,1988,17030,73902,105.0,72.3,16.7,230.4,16480,107420
307,LA,1992,11800,70707,96.7,69.9,11.7,166.9,15320,97830
308,LA,1996,13110,65204,90.8,63.9,12.8,201.1,14350,92670
309,LA,2000,11380,67898,93.4,67.5,11.3,167.6,14720,94000
310,LA,2005,10330,60937,86.0,62.0,10.5,169.5,13220,84490
311,LA,2006,11220,63376,97.4,69.8,12.4,177.0,13800,88390
312,LA,2007,12520,66301,101.9,72.4,13.7,188.8,14510,93330
313,LA,2008,14110,65268,101.9,70.9,15.3,216.2,14460,93840
314,LA,2009,12930,64973,99.7,70.2,14.0,199.0,14290,92190
315,LA,2010,11750,62379,94.4,67.1,12.6,188.4,13650,87780
316,LA,2011,11310,61888,92.9,66.3,12.1,182.7,13510,86700
317,LA,2012,10470,62642,92.7,67.0,11.2,167.1,13580,86690
318,LA,2013,9630,63201,92.2,67.4,10.3,152.4,13600,86430
319,LA,2014,9620,64497,93.7,68.7,10.2,149.1,13860,87980
320,LA,2015,9830,64692,94.2,68.9,10.5,151.9,13920,88440
321,LA,2016,10040,63178,92.7,67.4,10.7,158.9,13640,86850
322,LA,2017,9280,61018,89.6,65.5,10.0,152.1,13130,83430
323,ME,1988,4140,17172,88.9,60.7,14.6,241.1,3850,25160
324,ME,1992,4260,16057,84.8,56.9,15.1,265.3,3640,23950
325,ME,1996,3390,13774,74.1,50.4,12.4,246.1,3090,20260
326,ME,2000,2910,13603,73.0,50.9,10.9,213.9,3010,19520
327,ME,2005,2840,14112,77.2,54.3,10.9,201.2,3110,20060
328,ME,2006,2940,14151,78.8,55.2,11.4,207.4,3120,20210
329,ME,2007,3030,14120,80.2,55.8,12.0,214.6,3130,20280
330,ME,2008,2970,13609,78.5,54.5,11.9,218.3,3020,19600
331,ME,2009,2830,13470,78.6,55.0,11.5,210.0,2980,19280
332,ME,2010,2640,12970,76.6,53.8,10.9,203.3,2860,18460
333,ME,2011,2410,12704,74.9,53.2,10.1,189.4,2780,17890
334,ME,2012,2390,12798,76.0,54.1,10.1,186.7,2800,17990
335,ME,2013,2380,12776,76.5,54.4,10.1,186.0,2790,17940
336,ME,2014,2400,12698,76.4,54.2,10.2,188.7,2780,17870
337,ME,2015,2240,12607,75.8,54.3,9.6,177.6,2750,17590
338,ME,2016,2080,12705,75.8,54.9,9.0,163.9,2750,17540
339,ME,2017,2050,12298,73.7,53.3,8.9,166.4,2660,17010
340,MD,1988,41090,75768,115.5,64.3,34.9,542.3,19260,136120
341,MD,1992,39490,77815,114.6,65.2,33.1,507.5,19510,136820
342,MD,1996,36940,71533,106.1,60.0,31.0,516.4,18000,126470
343,MD,2000,38670,74316,110.6,62.4,32.5,520.3,18730,131720
344,MD,2005,35250,74980,106.5,62.0,29.2,470.1,18520,128750
345,MD,2006,31990,77494,106.1,64.1,26.5,412.7,18700,128180
346,MD,2007,28720,78095,104.2,65.0,23.9,367.8,18490,125310
347,MD,2008,28390,77289,103.6,64.6,23.7,367.3,18300,123970
348,MD,2009,29630,75059,102.9,62.9,24.9,394.8,17970,122670
349,MD,2010,30890,73801,102.6,61.8,25.9,418.5,17850,122530
350,MD,2011,32140,73093,102.9,61.1,26.9,439.7,17830,123070
351,MD,2012,29610,72883,100.3,60.9,24.7,406.2,17540,120030
352,MD,2013,27080,71953,97.0,60.1,22.6,376.3,17100,116130
353,MD,2014,26430,73921,98.5,61.9,22.1,357.5,17430,117770
354,MD,2015,26010,73616,98.0,61.7,21.8,353.3,17320,116950
355,MD,2016,25730,73136,97.8,61.6,21.7,351.8,17200,116070
356,MD,2017,26940,71641,97.5,60.4,22.7,376.0,17020,115600
357,MA,1988,44260,88194,103.3,59.0,29.6,501.8,22060,154520
358,MA,1992,41610,87231,103.9,60.3,28.7,477.0,21610,150450
359,MA,1996,40150,80276,98.4,56.2,28.1,500.1,20070,140500
360,MA,2000,29870,81614,91.9,57.4,21.0,366.0,19310,130790
361,MA,2005,27800,76865,89.4,55.9,20.2,361.7,18150,122820
362,MA,2006,27130,77676,90.1,56.9,19.9,349.3,18250,123050
363,MA,2007,26460,77967,90.3,57.4,19.5,339.4,18240,122670
364,MA,2008,25800,77022,89.1,56.8,19.0,335.0,17980,120810
365,MA,2009,25240,75016,87.0,55.4,18.6,336.5,17530,117790
366,MA,2010,24790,72865,84.7,53.8,18.3,340.1,17050,114700
367,MA,2011,24430,73166,84.5,53.9,18.0,334.0,17080,114680
368,MA,2012,22840,72439,82.4,53.3,16.8,315.3,16770,112050
369,MA,2013,21250,71788,80.1,52.5,15.5,296.0,16480,109520
370,MA,2014,21280,71908,79.9,52.4,15.5,296.0,16510,109700
371,MA,2015,20370,71492,78.7,52.0,14.8,285.0,16340,108200
372,MA,2016,19470,71317,77.7,51.8,14.1,272.9,16210,106990
373,MA,2017,18880,70702,76.3,51.1,13.6,267.0,16030,105610
374,MI,1988,62770,139714,106.5,62.9,28.2,449.3,34220,236700
375,MI,1992,54530,144089,105.0,65.0,24.6,378.4,34270,232890
376,MI,1996,47430,133387,96.2,60.4,21.5,355.6,31420,212240
377,MI,2000,45710,136171,99.2,63.2,21.2,335.7,31810,213690
378,MI,2005,39930,127706,95.5,61.9,19.3,312.7,29530,197170
379,MI,2006,37530,127483,95.2,62.5,18.4,294.4,29250,194270
380,MI,2007,35780,125261,94.4,62.3,17.8,285.6,28630,189670
381,MI,2008,36050,121127,93.7,61.4,18.3,297.7,27830,185010
382,MI,2009,33410,117294,91.6,60.5,17.2,284.8,26800,177500
383,MI,2010,30770,114531,89.5,59.8,16.1,268.6,25980,171280
384,MI,2011,29270,114008,88.7,59.8,15.4,256.7,25730,169000
385,MI,2012,28780,113091,88.1,59.5,15.1,254.5,25500,167370
386,MI,2013,28420,113489,88.3,59.8,15.0,250.4,25540,167450
387,MI,2014,28130,114375,88.9,60.4,14.9,245.9,25690,168190
388,MI,2015,27290,113312,88.1,60.1,14.5,240.9,25390,166000
389,MI,2016,26460,113315,87.8,60.3,14.1,233.5,25310,165090
390,MI,2017,26130,111426,86.5,59.3,13.9,234.5,24900,162450
391,MN,1988,17400,66748,97.2,65.4,17.0,260.7,15090,99240
392,MN,1992,15090,65607,91.9,63.3,14.5,230.0,14630,95330
393,MN,1996,13950,63700,85.9,59.6,13.1,219.0,14140,91790
394,MN,2000,13940,67604,89.0,62.4,12.9,206.2,14910,96460
395,MN,2005,13370,70919,93.3,66.3,12.5,188.5,15520,99810
396,MN,2006,13420,73525,96.6,69.0,12.6,182.6,16050,103000
397,MN,2007,13480,73735,97.3,69.4,12.7,182.8,16100,103310
398,MN,2008,12580,72421,95.4,68.6,11.9,173.7,15740,100740
399,MN,2009,11780,70646,93.0,67.2,11.2,166.8,15310,97730
400,MN,2010,11120,68610,90.5,65.7,10.6,162.1,14830,94570
401,MN,2011,10690,68409,89.8,65.4,10.2,156.2,14750,93840
402,MN,2012,10130,68772,89.6,65.8,9.7,147.3,14770,93670
403,MN,2013,9570,69159,89.2,66.0,9.1,138.4,14790,93520
404,MN,2014,9230,69904,89.4,66.5,8.8,132.0,14900,94040
405,MN,2015,9360,69834,89.5,66.4,8.9,134.0,14900,94100
406,MN,2016,9590,69749,89.3,66.1,9.1,137.5,14910,94250
407,MN,2017,10100,68595,87.9,64.5,9.5,147.3,14730,93430
408,MS,1988,6480,42074,96.0,70.1,10.8,154.0,9060,57620
409,MS,1992,8830,42681,100.2,70.2,14.5,206.9,9420,60930
410,MS,1996,9020,40987,93.8,65.1,14.3,220.1,9100,59110
411,MS,2000,9060,44075,99.0,69.4,14.3,205.6,9720,62860
412,MS,2005,7930,42395,96.5,68.7,12.8,187.1,9270,59600
413,MS,2006,7880,46056,104.8,75.5,12.9,171.2,10000,63940
414,MS,2007,7850,46491,105.7,76.3,12.9,168.8,10080,64420
415,MS,2008,8210,44947,103.5,73.9,13.5,182.6,9810,62960
416,MS,2009,7640,42901,98.8,70.8,12.6,178.0,9340,59880
417,MS,2010,7070,40036,92.4,66.3,11.7,176.6,8710,55820
418,MS,2011,6700,39860,91.5,66.0,11.1,168.0,8640,55200
419,MS,2012,6280,38669,88.5,64.2,10.4,162.4,8360,53310
420,MS,2013,5860,38634,87.6,64.1,9.7,151.6,8310,52800
421,MS,2014,5540,38736,87.5,64.4,9.2,143.1,8300,52580
422,MS,2015,5300,38394,86.6,64.1,8.8,138.1,8210,51900
423,MS,2016,5100,37928,85.8,63.7,8.6,134.5,8100,51120
424,MS,2017,4930,37357,84.8,63.1,8.3,131.9,7960,50250
425,MO,1988,23940,76492,101.1,65.5,20.5,313.0,17690,118120
426,MO,1992,19870,76301,96.6,65.0,16.9,260.4,17250,113420
427,MO,1996,16050,73832,88.4,61.4,13.4,217.4,16370,106250
428,MO,2000,17410,76463,91.9,63.4,14.4,227.7,17030,110910
429,MO,2005,14900,78618,92.8,65.9,12.5,189.5,17210,110730
430,MO,2006,15070,81385,95.8,68.3,12.6,185.2,17780,114240
431,MO,2007,15250,81930,96.8,68.9,12.8,186.1,17910,115090
432,MO,2008,15160,80963,96.1,68.4,12.8,187.3,17710,113840
433,MO,2009,13550,78905,92.9,66.9,11.5,171.7,17140,109590
434,MO,2010,11930,76759,89.4,65.2,10.1,155.4,16540,105230
435,MO,2011,11510,76117,88.5,64.8,9.8,151.2,16370,104000
436,MO,2012,11080,75446,87.5,64.3,9.4,146.8,16200,102720
437,MO,2013,10610,75296,86.9,64.2,9.0,140.9,16120,102030
438,MO,2014,9180,75360,85.7,64.3,7.8,121.9,15990,100530
439,MO,2015,9640,75061,85.9,64.0,8.2,128.4,15980,100680
440,MO,2016,10100,74705,86.2,63.9,8.6,135.1,15950,100750
441,MO,2017,9690,73034,84.0,62.4,8.3,132.7,15580,98310
442,MT,1988,2350,11692,93.3,65.7,13.2,201.0,2570,16620
443,MT,1992,2810,11472,94.0,64.0,15.7,244.9,2580,16860
444,MT,1996,2430,10856,82.6,57.1,12.8,223.8,2410,15700
445,MT,2000,2220,10957,84.1,59.1,12.0,202.6,2410,15590
446,MT,2005,2020,11583,89.1,64.0,11.2,174.4,2520,16120
447,MT,2006,2070,12508,95.6,69.2,11.4,165.1,2710,17280
448,MT,2007,2110,12439,95.3,68.7,11.7,169.6,2700,17250
449,MT,2008,2040,12594,95.9,69.6,11.3,162.3,2720,17360
450,MT,2009,2000,12257,94.0,68.1,11.1,163.3,2650,16910
451,MT,2010,1980,12060,92.5,67.0,11.0,163.9,2610,16650
452,MT,2011,1990,12069,92.1,66.7,11.0,165.1,2610,16670
453,MT,2012,1820,12118,90.9,66.6,10.0,150.6,2610,16550
454,MT,2013,1660,12377,90.6,67.2,9.0,133.9,2640,16680
455,MT,2014,1520,12432,89.5,67.1,8.2,121.9,2640,16590
456,MT,2015,1530,12583,90.0,67.5,8.2,121.2,2670,16780
457,MT,2016,1540,12282,87.2,65.2,8.2,125.1,2610,16430
458,MT,2017,1510,11799,82.7,61.7,7.9,128.0,2510,15820
459,NE,1988,5490,23907,98.1,67.6,15.5,229.6,5330,34730
460,NE,1992,4950,23397,93.6,65.3,13.8,211.6,5170,33520
461,NE,1996,3930,23286,87.9,63.4,10.7,168.8,5050,32270
462,NE,2000,3920,24646,92.8,67.5,10.7,159.1,5320,33890
463,NE,2005,2990,26145,96.9,73.1,8.4,114.4,5530,34660
464,NE,2006,2690,26727,98.4,75.1,7.6,100.7,5610,35030
465,NE,2007,2500,26934,98.9,76.0,7.1,92.8,5640,35070
466,NE,2008,2850,26989,100.4,76.3,8.1,105.5,5680,35520
467,NE,2009,2630,26936,99.5,76.1,7.4,97.5,5650,35210
468,NE,2010,2410,25918,95.0,72.9,6.8,92.9,5420,33750
469,NE,2011,2550,25720,94.3,72.1,7.1,99.2,5400,33670
470,NE,2012,2510,25942,94.5,72.3,7.0,96.7,5440,33890
471,NE,2013,2440,26095,94.2,72.3,6.8,93.7,5460,34000
472,NE,2014,2360,26794,95.7,73.8,6.5,87.9,5590,34740
473,NE,2015,2260,26679,94.6,73.1,6.2,84.7,5560,34500
474,NE,2016,2170,26589,93.3,72.4,5.9,81.5,5530,34290
475,NE,2017,2250,25821,90.6,69.9,6.1,87.2,5390,33460
476,NV,1988,9450,18008,126.1,71.0,37.2,524.8,4550,32000
477,NV,1992,12400,22374,131.9,72.9,40.4,554.2,5710,40490
478,NV,1996,14080,26125,127.8,71.3,38.4,538.9,6630,46840
479,NV,2000,12880,30829,119.6,72.1,30.1,417.8,7450,51160
480,NV,2005,12990,37268,117.0,73.9,25.8,348.6,8750,59010
481,NV,2006,13320,40027,119.8,76.5,25.5,332.7,9340,62680
482,NV,2007,13630,41181,119.5,76.4,25.3,331.0,9600,64410
483,NV,2008,13020,39506,112.6,72.1,23.8,329.6,9200,61730
484,NV,2009,12790,37612,107.7,68.4,23.3,340.2,8800,59210
485,NV,2010,12570,35934,103.6,65.4,22.9,349.7,8440,56940
486,NV,2011,11960,35296,101.3,64.4,21.8,338.9,8260,55510
487,NV,2012,10750,34911,97.4,63.3,19.5,308.1,8060,53720
488,NV,2013,9550,35030,94.7,63.1,17.2,272.6,7960,52540
489,NV,2014,10840,35861,98.0,64.0,19.3,302.2,8260,54960
490,NV,2015,10150,36298,96.5,64.0,17.9,279.6,8270,54720
491,NV,2016,9460,36260,94.0,63.2,16.5,260.9,8200,53920
492,NV,2017,9620,35756,91.9,61.5,16.5,269.1,8110,53490
493,NH,1988,5940,17364,101.1,64.1,21.9,342.1,4070,27370
494,NH,1992,4490,15990,90.6,60.1,16.9,280.8,3650,24130
495,NH,1996,4670,14520,84.4,54.3,17.5,321.6,3370,22560
496,NH,2000,4020,14609,81.5,54.2,14.9,275.2,3320,21950
497,NH,2005,3060,14420,77.5,54.1,11.5,212.2,3190,20670
498,NH,2006,3030,14378,77.9,54.4,11.4,210.4,3180,20580
499,NH,2007,2990,14168,77.7,54.3,11.5,211.0,3130,20290
500,NH,2008,2860,13683,76.0,53.2,11.1,208.8,3020,19560
501,NH,2009,2840,13377,75.8,52.8,11.2,212.7,2960,19180
502,NH,2010,2830,12874,74.4,51.6,11.4,220.2,2860,18570
503,NH,2011,2880,12851,74.9,51.8,11.6,223.7,2860,18580
504,NH,2012,2610,12352,71.8,50.1,10.6,211.2,2730,17690
505,NH,2013,2340,12396,71.2,50.6,9.6,189.0,2710,17450
506,NH,2014,2530,12302,71.7,50.3,10.3,205.8,2710,17550
507,NH,2015,2480,12433,72.5,51.1,10.2,199.1,2730,17640
508,NH,2016,2410,12267,71.5,50.5,9.9,196.3,2690,17370
509,NH,2017,2330,12116,70.2,49.7,9.6,192.7,2660,17110
510,NJ,1988,66300,117764,116.4,64.0,36.0,563.0,30180,214250
511,NJ,1992,58420,119909,114.5,66.0,32.1,487.2,29820,208150
512,NJ,1996,64230,114306,114.5,63.0,35.4,561.9,29280,207820
513,NJ,2000,66110,115632,116.5,63.7,36.4,571.7,29740,211480
514,NJ,2005,60330,113776,113.6,63.7,33.8,530.3,28790,202890
515,NJ,2006,58030,115020,113.7,64.8,32.7,504.6,28810,201860
516,NJ,2007,55740,116063,113.8,65.9,31.6,480.3,28790,200590
517,NJ,2008,54730,112710,111.5,64.3,31.2,485.6,28020,195460
518,NJ,2009,51930,110331,108.7,63.3,29.8,470.7,27260,189520
519,NJ,2010,49130,106922,105.0,61.6,28.3,459.5,26300,182350
520,NJ,2011,46670,105883,103.3,61.3,27.0,440.8,25840,178390
521,NJ,2012,44680,104230,101.4,60.7,26.0,428.7,25310,174220
522,NJ,2013,43340,102575,99.9,60.0,25.4,422.5,24850,170760
523,NJ,2014,43990,103305,101.4,60.8,25.9,425.8,25060,172360
524,NJ,2015,45680,103127,103.0,61.0,27.0,443.0,25190,174000
525,NJ,2016,47370,102647,104.3,61.1,28.2,461.5,25270,175290
526,NJ,2017,47010,101250,103.2,60.3,28.0,464.3,24950,173210
527,NM,1988,8180,27015,118.3,77.1,23.4,302.8,6220,41420
528,NM,1992,7780,27922,115.5,76.6,21.4,278.6,6360,42060
529,NM,1996,6560,27228,102.0,69.6,16.8,240.9,6100,39890
530,NM,2000,6890,27223,102.9,69.6,17.6,253.1,6130,40250
531,NM,2005,6690,28835,106.2,73.0,16.9,232.0,6440,41960
532,NM,2006,7020,29936,110.1,75.5,17.7,234.5,6690,43650
533,NM,2007,7350,30616,112.7,77.0,18.5,240.1,6860,44820
534,NM,2008,6730,30173,110.0,76.1,17.0,223.1,6710,43610
535,NM,2009,6420,29000,105.4,73.0,16.2,221.4,6440,41860
536,NM,2010,6110,27850,100.5,69.7,15.3,219.4,6180,40140
537,NM,2011,5520,27289,96.7,67.9,13.8,202.4,6010,38820
538,NM,2012,4860,27068,94.1,67.3,12.1,179.4,5900,37820
539,NM,2013,4190,26354,90.1,65.5,10.4,158.9,5690,36230
540,NM,2014,4030,26052,89.2,65.1,10.1,154.6,5610,35690
541,NM,2015,4120,25816,89.0,64.7,10.3,159.5,5570,35510
542,NM,2016,4210,24692,86.0,62.0,10.6,170.3,5360,34260
543,NM,2017,3830,23767,82.4,59.8,9.6,161.1,5140,32730
544,NY,1988,179830,280650,123.5,64.8,41.5,640.8,74110,534590
545,NY,1992,191100,287887,129.8,67.2,44.6,663.8,76690,555670
546,NY,1996,164080,263963,117.5,62.4,38.8,621.6,69200,497240
547,NY,2000,161160,258737,115.8,61.4,38.3,622.9,67860,487760
548,NY,2005,152340,246351,112.6,59.9,37.0,618.4,64500,463200
549,NY,2006,148030,250104,113.3,61.2,36.2,591.9,64820,462950
550,NY,2007,144390,253451,113.8,62.3,35.5,569.7,65130,462970
551,NY,2008,149070,250383,114.3,61.6,36.7,595.4,64980,464440
552,NY,2009,144390,248110,112.6,61.2,35.6,581.9,64060,456560
553,NY,2010,139700,244375,110.5,60.4,34.5,571.7,62850,446920
554,NY,2011,136280,241312,108.7,59.7,33.7,564.8,61890,439490
555,NY,2012,126630,240916,106.1,59.7,31.4,525.6,60850,428390
556,NY,2013,116970,236980,102.6,58.9,29.1,493.6,59090,413040
557,NY,2014,117580,238773,103.8,59.6,29.3,492.4,59510,415870
558,NY,2015,113350,237274,102.9,59.6,28.5,477.7,58790,409410
559,NY,2016,108350,234283,101.4,59.3,27.4,462.5,57690,400330
560,NY,2017,103060,229737,99.2,58.6,26.3,448.6,56250,389050
561,NC,1988,38120,97579,101.0,62.0,24.2,390.7,23330,159030
562,NC,1992,34000,103967,99.5,63.8,20.9,327.0,24190,162160
563,NC,1996,31070,104470,92.6,60.7,18.0,297.4,24000,159540
564,NC,2000,33620,120311,101.6,67.4,18.8,279.4,27420,181360
565,NC,2005,29730,123096,97.6,66.6,16.1,241.5,27590,180420
566,NC,2006,29970,127859,99.3,68.1,16.0,234.4,28570,186400
567,NC,2007,30220,131037,99.7,68.6,15.8,230.6,29230,190490
568,NC,2008,29000,130839,97.7,67.7,15.0,221.7,29070,188910
569,NC,2009,28340,126845,94.2,65.1,14.6,223.4,28200,183390
570,NC,2010,27670,122350,90.8,62.7,14.2,226.2,27240,177260
571,NC,2011,25080,120389,87.9,61.5,12.8,208.3,26590,172050
572,NC,2012,25960,119831,87.7,61.0,13.2,216.7,26560,172360
573,NC,2013,26850,119002,87.2,60.2,13.6,225.6,26490,172340
574,NC,2014,26410,120975,87.9,61.0,13.3,218.3,26840,174230
575,NC,2015,24870,120843,86.6,60.7,12.5,205.8,26660,172360
576,NC,2016,23320,120779,85.0,60.2,11.6,193.0,26490,170580
577,NC,2017,25060,120125,85.0,59.5,12.4,208.6,26530,171720
578,ND,1988,1510,10103,95.3,69.8,10.4,149.5,2170,13780
579,ND,1992,1190,8811,85.5,63.4,8.6,135.1,1880,11880
580,ND,1996,1050,8347,79.3,59.2,7.4,125.8,1770,11170
581,ND,2000,940,7676,75.8,56.8,7.0,122.5,1630,10250
582,ND,2005,890,8390,85.3,64.8,6.9,106.1,1770,11050
583,ND,2006,900,8621,88.1,67.0,7.0,104.2,1810,11330
584,ND,2007,910,8840,90.6,69.0,7.1,102.9,1860,11610
585,ND,2008,1010,8938,92.7,70.0,7.9,112.9,1890,11840
586,ND,2009,1000,9001,92.6,70.1,7.8,110.8,1900,11900
587,ND,2010,980,9104,92.6,70.3,7.6,107.8,1920,12000
588,ND,2011,940,9527,94.6,72.3,7.1,98.3,2000,12460
589,ND,2012,920,10106,97.1,74.7,6.8,90.6,2110,13130
590,ND,2013,900,10599,97.7,75.6,6.4,85.0,2210,13710
591,ND,2014,1020,11359,102.9,79.3,7.1,89.4,2370,14750
592,ND,2015,990,11314,99.9,77.0,6.7,87.5,2360,14670
593,ND,2016,960,11383,100.5,77.7,6.6,84.7,2370,14720
594,ND,2017,970,10737,95.3,73.3,6.6,90.6,2240,13950
595,OH,1988,50780,160529,97.9,63.3,20.0,316.3,37180,248490
596,OH,1992,46190,162247,96.8,64.0,18.2,284.7,37070,245510
597,OH,1996,41320,151692,90.5,60.4,16.4,272.4,34470,227480
598,OH,2000,38090,155472,93.6,63.7,15.6,245.0,34900,228470
599,OH,2005,33140,148388,91.8,63.5,14.2,223.3,32990,214520
600,OH,2006,32880,150593,93.7,65.1,14.2,218.3,33410,216880
601,OH,2007,32620,150879,94.6,65.8,14.2,216.2,33440,216940
602,OH,2008,32370,148821,94.2,65.5,14.2,217.5,33000,214190
603,OH,2009,30760,144841,92.2,64.3,13.7,212.3,32040,207640
604,OH,2010,29140,139128,89.1,62.3,13.0,209.4,30740,199010
605,OH,2011,27930,137918,88.2,62.0,12.6,202.5,30380,196220
606,OH,2012,26200,138483,88.1,62.5,11.8,189.2,30320,195000
607,OH,2013,24470,138936,87.4,62.7,11.0,176.1,30230,193640
608,OH,2014,23220,139467,87.2,63.0,10.5,166.5,30210,192900
609,OH,2015,21980,139264,86.6,63.1,10.0,157.8,30050,191290
610,OH,2016,20790,138085,85.6,62.7,9.4,150.5,29700,188570
611,OH,2017,20560,136832,84.7,62.0,9.3,150.3,29420,186820
612,OK,1988,12240,47408,98.7,66.5,17.2,258.2,10710,70350
613,OK,1992,9080,47557,94.0,66.7,12.7,190.9,10420,67060
614,OK,1996,8490,46193,89.2,63.6,11.7,183.8,10090,64770
615,OK,2000,7780,49782,93.0,67.8,10.6,156.3,10730,68300
616,OK,2005,7420,51801,97.3,71.7,10.3,143.2,11100,70320
617,OK,2006,7450,54016,100.7,74.5,10.3,138.0,11550,73020
618,OK,2007,7480,55065,102.1,75.7,10.3,135.8,11760,74310
619,OK,2008,7500,54781,101.5,75.2,10.3,136.9,11710,73990
620,OK,2009,7060,54553,99.9,74.4,9.6,129.5,11620,73230
621,OK,2010,6510,53238,96.2,72.1,8.8,122.3,11300,71050
622,OK,2011,5910,52272,93.0,70.2,7.9,113.0,11040,69220
623,OK,2012,5830,52751,92.9,70.3,7.8,110.6,11130,69720
624,OK,2013,5760,53369,92.9,70.4,7.6,108.0,11250,70380
625,OK,2014,5210,53339,91.5,70.0,6.8,97.7,11190,69740
626,OK,2015,4800,53122,89.8,69.1,6.3,90.4,11100,69030
627,OK,2016,4550,52592,88.5,68.3,5.9,86.5,10970,68110
628,OK,2017,4780,50214,85.2,65.3,6.2,95.2,10520,65520
629,OR,1988,14850,40052,101.3,63.0,23.4,370.8,9500,64400
630,OR,1992,14620,42035,98.9,62.5,21.7,347.8,9870,66520
631,OR,1996,13540,43658,94.4,61.2,19.0,310.1,10090,67280
632,OR,2000,15270,45804,99.3,63.4,21.1,333.4,10690,71760
633,OR,2005,11900,45922,93.4,62.9,16.3,259.1,10370,68200
634,OR,2006,12150,48689,97.4,66.0,16.5,249.6,10950,71800
635,OR,2007,12410,49378,98.0,66.4,16.7,251.3,11120,72900
636,OR,2008,11800,49096,96.0,65.5,15.7,240.3,11000,71890
637,OR,2009,11020,47132,91.2,62.6,14.6,233.8,10530,68680
638,OR,2010,10250,45540,87.3,60.3,13.6,225.0,10130,65920
639,OR,2011,10020,45155,85.6,59.3,13.2,222.0,10030,65210
640,OR,2012,9310,45067,84.0,58.8,12.2,206.6,9940,64320
641,OR,2013,8600,45155,82.8,58.7,11.2,190.5,9890,63650
642,OR,2014,8760,45556,82.9,58.8,11.3,192.2,9990,64300
643,OR,2015,8950,45655,82.5,58.3,11.4,196.0,10030,64630
644,OR,2016,9140,45535,80.8,56.9,11.4,200.8,10020,64700
645,OR,2017,8950,43631,76.6,53.8,11.0,205.0,9620,62200
646,PA,1988,53050,165639,95.2,61.3,19.6,320.3,38430,257120
647,PA,1992,50720,164625,94.5,61.4,18.9,308.1,38000,253340
648,PA,1996,42080,148338,85.0,56.2,15.9,283.7,33880,224290
649,PA,2000,39670,146281,85.7,57.2,15.5,271.2,33220,219170
650,PA,2005,38110,145383,87.1,58.5,15.3,262.1,32890,216380
651,PA,2006,39770,149090,89.9,60.2,16.1,266.8,33800,222660
652,PA,2007,42550,150713,92.2,61.0,17.2,282.3,34400,227660
653,PA,2008,46670,149273,93.7,60.7,19.0,312.7,34520,230470
654,PA,2009,44820,146434,91.8,59.7,18.3,306.1,33770,225030
655,PA,2010,42250,143321,89.5,58.7,17.3,294.8,32890,218460
656,PA,2011,39200,143178,88.2,58.8,16.1,273.8,32560,214930
657,PA,2012,36560,142514,87.0,58.7,15.1,256.5,32160,211230
658,PA,2013,34580,140921,85.7,58.3,14.3,245.4,31640,207150
659,PA,2014,34230,142268,86.5,59.1,14.2,240.6,31880,208380
660,PA,2015,34550,141047,86.6,58.9,14.4,245.0,31660,207270
661,PA,2016,34870,139409,86.4,58.5,14.6,250.2,31370,205650
662,PA,2017,33910,137745,85.2,57.9,14.3,246.2,30940,202590
663,RI,1988,5800,14224,98.0,59.4,24.2,407.8,3420,23450
664,RI,1992,5830,14500,100.6,61.2,24.6,402.1,3480,23810
665,RI,1996,5290,12652,90.4,54.5,22.8,418.1,3060,21000
666,RI,2000,4900,12505,87.7,53.8,21.1,391.8,2990,20400
667,RI,2005,4680,12697,89.3,55.6,20.5,368.6,3010,20380
668,RI,2006,4550,12372,88.2,55.0,20.2,367.8,2930,19850
669,RI,2007,4420,12376,89.0,55.9,20.0,357.1,2920,19710
670,RI,2008,4340,12048,88.0,55.1,19.9,360.4,2840,19230
671,RI,2009,4100,11442,84.2,52.8,18.9,358.1,2700,18240
672,RI,2010,3850,11177,82.3,52.1,18.0,344.7,2620,17650
673,RI,2011,3690,10960,80.8,51.4,17.3,337.1,2560,17220
674,RI,2012,3410,10926,79.6,51.5,16.1,312.2,2530,16860
675,RI,2013,3130,10809,77.8,51.3,14.8,289.4,2470,16410
676,RI,2014,3220,10823,78.6,51.5,15.3,297.4,2490,16530
677,RI,2015,3290,10993,80.4,52.6,15.7,299.2,2530,16810
678,RI,2016,3340,10798,79.8,51.8,16.0,308.9,2490,16630
679,RI,2017,3280,10638,78.9,51.3,15.8,308.5,2460,16380
680,SC,1988,16440,55114,101.5,66.4,19.8,298.3,12670,84220
681,SC,1992,14410,56192,96.9,65.4,16.8,256.4,12680,83280
682,SC,1996,12450,51117,86.2,58.7,14.3,243.6,11470,75040
683,SC,2000,12120,56114,91.1,63.4,13.7,216.0,12430,80670
684,SC,2005,13320,57711,93.5,64.3,14.9,230.8,12870,83910
685,SC,2006,13590,62171,98.8,68.6,15.0,218.6,13790,89550
686,SC,2007,13750,62875,98.9,68.7,15.0,218.7,13950,90580
687,SC,2008,13200,63071,97.5,68.2,14.3,209.3,13930,90210
688,SC,2009,13050,60620,93.8,65.3,14.1,215.3,13430,87100
689,SC,2010,12900,58342,90.7,62.8,13.9,221.2,12960,84210
690,SC,2011,11580,57393,87.9,61.8,12.5,201.7,12640,81600
691,SC,2012,11440,57155,87.2,61.4,12.3,200.1,12570,81170
692,SC,2013,11300,56795,86.1,60.7,12.1,198.9,12490,80580
693,SC,2014,10940,57627,86.1,61.1,11.6,189.9,12620,81190
694,SC,2015,10930,58139,86.0,61.1,11.5,188.0,12720,81790
695,SC,2016,10920,57342,84.3,59.8,11.4,190.4,12560,80820
696,SC,2017,11380,57029,83.8,59.0,11.8,199.6,12540,80960
697,SD,1988,1420,11194,99.4,74.2,9.4,126.9,2380,14990
698,SD,1992,1340,11018,96.9,72.7,8.8,121.6,2340,14700
699,SD,1996,1200,10473,87.0,65.6,7.5,114.6,2210,13890
700,SD,2000,1020,10345,85.8,65.6,6.5,98.6,2170,13540
701,SD,2005,980,11462,96.6,74.7,6.4,85.5,2390,14830
702,SD,2006,970,11919,100.8,78.2,6.4,81.4,2480,15370
703,SD,2007,960,12261,103.5,80.5,6.3,78.3,2550,15770
704,SD,2008,970,12071,102.4,79.5,6.4,80.6,2510,15560
705,SD,2009,900,11934,100.9,78.6,6.0,75.7,2480,15320
706,SD,2010,840,11811,98.9,77.4,5.5,70.7,2450,15090
707,SD,2011,850,11846,98.7,77.2,5.5,71.3,2450,15140
708,SD,2012,840,12104,99.7,78.1,5.4,69.2,2500,15450
709,SD,2013,830,12248,99.9,78.4,5.3,67.4,2530,15610
710,SD,2014,810,12283,99.6,78.3,5.2,65.8,2540,15630
711,SD,2015,770,12336,99.7,78.6,4.9,62.4,2540,15650
712,SD,2016,730,12275,98.1,77.5,4.6,59.5,2530,15530
713,SD,2017,750,12134,96.0,75.7,4.7,61.6,2500,15380
714,TN,1988,20060,70711,92.7,61.3,17.4,283.7,16150,106920
715,TN,1992,19110,73614,92.6,62.3,16.2,259.6,16630,109360
716,TN,1996,16690,73754,86.6,59.7,13.5,226.3,16420,106860
717,TN,2000,17270,79611,91.5,63.6,13.8,216.9,17650,114530
718,TN,2005,15520,81747,91.8,65.2,12.4,189.9,17900,115170
719,TN,2006,15550,84355,93.6,66.7,12.3,184.4,18430,118330
720,TN,2007,15590,86711,95.3,68.2,12.3,179.8,18900,121200
721,TN,2008,16210,85560,94.5,67.1,12.7,189.5,18730,120500
722,TN,2009,15290,82211,90.6,64.5,12.0,186.0,17970,115470
723,TN,2010,14370,79495,87.3,62.4,11.3,180.8,17340,111200
724,TN,2011,13670,79588,86.6,62.3,10.7,171.7,17280,110540
725,TN,2012,13210,80371,86.4,62.6,10.3,164.4,17400,110980
726,TN,2013,12760,79992,85.4,62.1,9.9,159.5,17270,110020
727,TN,2014,12300,81602,86.2,63.1,9.5,150.8,17550,111460
728,TN,2015,11770,81685,85.6,63.0,9.1,144.1,17510,110970
729,TN,2016,11230,80807,84.0,62.1,8.6,139.0,17280,109320
730,TN,2017,11060,81016,83.5,61.8,8.4,136.5,17310,109390
731,TX,1988,97450,303418,116.8,75.2,24.2,321.2,70430,471300
732,TX,1992,94590,320845,115.8,76.0,22.4,294.8,73630,489060
733,TX,1996,88250,330406,109.5,73.3,19.6,267.1,74910,493560
734,TX,2000,87110,363414,111.8,76.4,18.3,239.7,81390,531920
735,TX,2005,84560,385915,111.5,77.4,17.0,219.1,85640,556110
736,TX,2006,82540,399603,112.3,78.7,16.3,206.5,88170,570310
737,TX,2007,80510,407625,112.3,79.2,15.6,197.5,89580,577710
738,TX,2008,82690,405554,110.9,77.8,15.9,203.9,89380,577620
739,TX,2009,81060,401977,108.2,76.1,15.4,201.7,88500,571540
740,TX,2010,78130,386118,102.8,72.3,14.6,202.3,85040,549280
741,TX,2011,72140,377445,98.3,69.7,13.3,191.1,82700,532280
742,TX,2012,69520,382727,97.4,69.6,12.6,181.7,83500,535750
743,TX,2013,66910,387340,96.6,69.5,12.0,172.7,84160,538410
744,TX,2014,56400,399766,95.6,70.5,10.0,141.1,85590,541760
745,TX,2015,55690,403618,94.7,70.1,9.7,138.0,86290,545600
746,TX,2016,55100,398047,92.2,68.2,9.4,138.4,85120,538270
747,TX,2017,56340,382050,88.2,64.7,9.5,147.5,82040,520440
748,US,1973,744610,3136965,100.6,68.9,16.3,237.4,701850,4583430
749,US,1974,898570,3159958,102.7,67.9,19.3,284.4,721850,4780380
750,US,1975,1034170,3144198,103.2,66.0,21.7,328.9,732260,4910620
751,US,1976,1179300,3167788,104.6,65.0,24.2,372.3,751490,5098580
752,US,1977,1316700,3326632,109.1,66.7,26.4,395.8,797000,5440330
753,US,1978,1409600,3333279,108.9,65.4,27.7,422.9,807620,5550500
754,US,1979,1497670,3494398,112.2,67.1,28.8,428.6,848650,5840710
755,US,1980,1553890,3612258,113.9,68.1,29.3,430.2,877840,6043990
756,US,1981,1577340,3629238,112.9,67.3,29.3,434.6,883580,6090160
757,US,1982,1573920,3680537,112.4,67.3,28.8,427.6,893500,6147960
758,US,1983,1575000,3638933,110.2,65.7,28.5,432.8,885290,6099220
759,US,1984,1577180,3669141,109.5,65.5,28.1,429.8,891550,6137870
760,US,1985,1588550,3760561,110.4,66.3,28.0,422.4,910970,6260080
761,US,1986,1574000,3756547,108.6,65.4,27.4,419.0,908710,6239260
762,US,1987,1559110,3809394,108.6,65.8,26.9,409.3,917790,6286290
763,US,1988,1590750,3909510,110.8,67.3,27.4,406.9,940980,6441240
764,US,1989,1566870,4040958,112.6,69.2,26.8,387.7,964880,6572710
765,US,1990,1608620,4158212,115.0,70.8,27.4,386.9,992500,6759340
766,US,1991,1556510,4110907,112.1,69.3,26.2,378.6,977830,6645250
767,US,1992,1528930,4065014,110.4,68.4,25.7,376.1,965900,6559840
768,US,1993,1495000,4000240,107.9,67.0,25.0,373.7,949550,6444790
769,US,1994,1423000,3952767,105.1,65.9,23.7,360.0,932850,6308620
770,US,1995,1359440,3899589,102.3,64.6,22.5,348.6,915860,6174890
771,US,1996,1360160,3891494,101.6,64.1,22.4,349.5,914310,6165970
772,US,1997,1335000,3880894,100.4,63.6,21.9,344.0,909680,6125570
773,US,1998,1319000,3941553,100.8,64.3,21.5,334.6,920210,6180760
774,US,1999,1314790,3959417,100.8,64.4,21.4,332.1,923360,6197570
775,US,2000,1312990,4058814,102.4,65.8,21.3,323.5,943060,6314870
776,US,2001,1291000,4025933,101.2,65.1,20.9,320.7,934290,6251220
777,US,2002,1269000,4021726,100.6,65.0,20.5,315.5,931250,6221970
778,US,2003,1250000,4089950,101.5,66.1,20.2,305.6,942990,6282940
779,US,2004,1222100,4112052,101.3,66.4,19.7,297.2,944620,6278770
780,US,2005,1206200,4138349,101.4,66.7,19.4,291.5,948290,6292840
781,US,2006,1242000,4265555,104.3,68.6,20.0,291.2,977310,6484870
782,US,2007,1209640,4316233,104.5,69.3,19.4,280.3,984210,6510080
783,US,2008,1212350,4247694,103.1,68.1,19.4,285.4,970770,6430820
784,US,2009,1151600,4130665,99.8,66.2,18.5,278.8,941290,6223560
785,US,2010,1102670,3999386,96.3,64.1,17.7,275.7,910140,6012200
786,US,2011,1058490,3953590,94.4,63.2,16.9,267.7,896570,5908650
787,US,2012,1011070,3952841,93.2,62.9,16.1,255.8,891680,5855590
788,US,2013,958700,3932181,91.6,62.4,15.2,243.8,882310,5773190
789,US,2014,926190,3988076,91.8,63.1,14.6,232.2,890230,5804500
790,US,2015,899270,3978497,90.9,62.7,14.2,226.0,885630,5763400
791,US,2016,874080,3945875,89.6,62.0,13.7,221.5,876580,5696540
792,US,2017,862320,3855500,87.4,60.4,13.5,223.7,857330,5575150
793,UT,1988,4590,36055,125.3,93.5,11.9,127.3,7670,48320
794,UT,1992,3800,37200,113.8,86.7,8.9,102.2,7820,48820
795,UT,1996,3850,42087,110.3,84.8,7.8,91.5,8800,54740
796,UT,2000,3500,47353,114.7,89.6,6.6,73.9,9820,60670
797,UT,2005,3610,51556,118.5,92.8,6.5,70.0,10670,65840
798,UT,2006,3780,53504,121.1,94.8,6.7,70.6,11080,68360
799,UT,2007,3940,55130,122.3,95.7,6.8,71.5,11420,70490
800,UT,2008,3880,55634,121.0,94.8,6.6,69.7,11510,71030
801,UT,2009,3690,53887,115.3,90.4,6.2,68.5,11150,68720
802,UT,2010,3470,52258,110.1,86.5,5.7,66.4,10800,66530
803,UT,2011,3240,51223,106.3,83.7,5.3,63.3,10570,65030
804,UT,2012,3210,51465,105.3,83.0,5.2,62.3,10610,65290
805,UT,2013,3170,50957,102.7,81.0,5.0,62.3,10510,64640
806,UT,2014,2960,51154,101.4,80.3,4.6,57.9,10530,64640
807,UT,2015,3010,50778,99.3,78.5,4.6,59.2,10460,64240
808,UT,2016,3050,50464,96.7,76.4,4.6,60.5,10400,63910
809,UT,2017,3020,48585,91.2,71.9,4.5,62.2,10020,61620
810,VT,1988,2920,8111,95.6,59.9,21.6,360.0,1910,12950
811,VT,1992,2160,7737,86.4,57.3,16.0,279.2,1760,11660
812,VT,1996,2050,6767,78.0,50.9,15.4,302.9,1560,10380
813,VT,2000,1510,6500,72.5,49.8,11.6,232.3,1450,9460
814,VT,2005,1810,6295,76.2,50.2,14.4,287.5,1440,9550
815,VT,2006,1760,6511,78.6,52.4,14.2,271.1,1480,9750
816,VT,2007,1720,6513,79.3,53.2,14.0,264.1,1470,9710
817,VT,2008,1730,6339,78.8,52.5,14.3,273.1,1440,9510
818,VT,2009,1670,6110,76.9,51.2,14.0,273.0,1390,9170
819,VT,2010,1600,6223,78.1,52.6,13.6,257.9,1410,9230
820,VT,2011,1610,6078,77.1,51.7,13.7,264.4,1380,9060
821,VT,2012,1560,6009,76.6,51.5,13.4,259.9,1360,8930
822,VT,2013,1490,5975,75.8,51.4,12.8,249.2,1340,8810
823,VT,2014,1380,6130,76.9,53.1,12.0,225.4,1360,8880
824,VT,2015,1320,5903,74.2,51.3,11.5,224.0,1310,8540
825,VT,2016,1260,5756,72.6,50.4,11.1,219.3,1280,8300
826,VT,2017,1140,5655,70.3,49.5,9.9,201.0,1240,8040
827,VA,1988,40240,93127,103.1,61.6,26.6,432.1,22650,156020
828,VA,1992,38130,97198,102.4,62.8,24.6,392.3,23250,158580
829,VA,1996,32450,92354,93.1,58.7,20.6,351.4,21720,146520
830,VA,2000,30690,98938,95.7,62.1,19.3,310.2,22860,152480
831,VA,2005,30590,104555,97.5,64.0,18.7,292.6,23970,159120
832,VA,2006,31670,107817,100.1,65.7,19.3,293.7,24730,164220
833,VA,2007,32750,108884,101.5,66.3,19.9,300.8,25050,166690
834,VA,2008,31360,106686,98.8,64.9,19.1,293.9,24470,162520
835,VA,2009,30950,105059,97.1,63.7,18.8,294.6,24110,160120
836,VA,2010,30550,103002,95.0,62.3,18.5,296.5,23650,157200
837,VA,2011,29160,102652,93.5,61.8,17.6,284.1,23450,155260
838,VA,2012,29510,103013,93.5,61.7,17.7,286.5,23550,156080
839,VA,2013,29860,102147,92.8,61.0,17.8,292.3,23420,155420
840,VA,2014,24590,103300,90.0,61.6,14.7,238.0,23120,151010
841,VA,2015,23290,103303,89.3,61.6,13.9,225.4,22990,149580
842,VA,2016,21990,102460,87.8,61.2,13.1,214.6,22690,147140
843,VA,2017,20290,100391,85.1,59.8,12.1,202.1,22110,142780
844,WA,1988,30890,72503,108.8,65.2,27.8,426.1,17590,120980
845,WA,1992,33620,79450,110.3,66.2,28.0,423.2,19250,132320
846,WA,1996,26960,77945,97.5,61.7,21.3,345.9,18290,123190
847,WA,2000,26970,81036,98.1,62.6,20.8,332.8,18900,126910
848,WA,2005,23680,82703,95.4,63.0,18.0,286.3,18910,125290
849,WA,2006,24350,86876,98.8,65.5,18.4,280.3,19810,131040
850,WA,2007,25030,88978,100.7,66.7,18.8,281.3,20300,134310
851,WA,2008,24670,90321,100.9,67.3,18.4,273.2,20530,135520
852,WA,2009,23530,89313,98.4,66.0,17.4,263.4,20220,133050
853,WA,2010,22380,86539,94.6,63.7,16.5,258.6,19550,128460
854,WA,2011,21830,86976,93.7,63.5,15.9,251.0,19580,128380
855,WA,2012,20470,87463,92.4,63.4,14.8,234.0,19540,127470
856,WA,2013,19100,86577,90.0,62.4,13.8,220.7,19230,124910
857,WA,2014,19150,88585,90.9,63.2,13.7,216.2,19630,127370
858,WA,2015,18340,88990,89.5,62.7,12.9,206.1,19630,126960
859,WA,2016,17530,90505,88.6,62.7,12.1,193.7,19850,127890
860,WA,2017,17760,87562,84.7,59.5,12.1,202.8,19290,124610
861,WV,1988,4800,21846,76.5,53.0,11.7,219.7,4850,31500
862,WV,1992,4460,22170,78.1,54.9,11.1,201.2,4880,31510
863,WV,1996,3400,20750,72.5,52.5,8.6,163.9,4490,28640
864,WV,2000,2930,20865,75.8,56.0,7.9,140.4,4470,28260
865,WV,2005,2700,20836,79.4,59.2,7.7,129.6,4440,27970
866,WV,2006,2880,20931,80.8,59.8,8.2,137.8,4470,28290
867,WV,2007,3070,21994,85.6,63.2,8.8,139.6,4710,29770
868,WV,2008,2680,21501,83.3,62.3,7.8,124.8,4570,28750
869,WV,2009,3070,21268,84.1,61.9,8.9,144.4,4560,28900
870,WV,2010,3460,20470,83.0,59.9,10.1,169.0,4440,28370
871,WV,2011,3320,20717,83.5,60.7,9.7,160.0,4470,28510
872,WV,2012,2800,20827,82.6,61.3,8.2,134.4,4450,28070
873,WV,2013,2280,20825,81.3,61.6,6.8,109.6,4390,27500
874,WV,2014,2280,20301,79.9,60.4,6.8,112.3,4290,26870
875,WV,2015,2380,19805,79.4,59.6,7.2,120.4,4200,26390
876,WV,2016,2490,19079,78.2,58.2,7.6,130.3,4060,25630
877,WV,2017,2380,18675,77.7,57.9,7.4,127.3,3970,25030
878,WI,1988,18580,70817,94.0,63.2,16.6,262.4,16020,105420
879,WI,1992,16280,70670,89.9,61.9,14.3,230.4,15760,102710
880,WI,1996,14980,67106,83.0,57.4,12.8,223.2,14920,97010
881,WI,2000,12450,69326,83.7,59.9,10.8,179.6,15110,96890
882,WI,2005,10920,70984,85.6,62.5,9.6,153.8,15290,97190
883,WI,2006,10390,72340,87.1,64.2,9.2,143.7,15510,98240
884,WI,2007,9870,72784,87.7,65.0,8.8,135.6,15540,98200
885,WI,2008,9660,72261,87.6,65.0,8.7,133.6,15420,97330
886,WI,2009,9420,70843,86.4,64.2,8.5,133.0,15110,95380
887,WI,2010,9140,68487,84.1,62.5,8.3,133.5,14610,92240
888,WI,2011,8660,67810,83.3,62.1,7.9,127.7,14430,90900
889,WI,2012,8080,67295,82.4,61.8,7.4,120.1,14270,89650
890,WI,2013,7510,66649,81.1,61.3,6.9,112.7,14080,88240
891,WI,2014,7430,67161,81.7,61.8,6.8,110.6,14180,88770
892,WI,2015,7360,67041,81.7,61.8,6.8,109.8,14140,88550
893,WI,2016,7310,66615,81.3,61.6,6.8,109.7,14050,87980
894,WI,2017,7540,64975,79.6,60.0,7.0,116.0,13750,86260
895,WY,1988,1370,7162,96.2,68.2,13.0,191.3,1570,10100
896,WY,1992,1390,6723,91.0,63.8,13.2,206.8,1480,9600
897,WY,1996,1630,6286,86.0,57.9,15.0,259.3,1420,9340
898,WY,2000,2090,6253,93.8,59.8,20.0,334.2,1460,9800
899,WY,2005,1220,7239,98.9,71.4,12.0,168.5,1570,10030
900,WY,2006,1200,7672,103.4,75.3,11.8,156.4,1650,10530
901,WY,2007,1170,7893,104.3,76.5,11.3,148.2,1700,10760
902,WY,2008,1060,8038,103.6,77.0,10.2,132.4,1710,10820
903,WY,2009,1030,7881,99.5,74.1,9.7,130.5,1680,10590
904,WY,2010,1010,7556,95.4,70.8,9.4,133.4,1610,10180
905,WY,2011,1060,7399,94.0,69.3,9.9,143.4,1590,10050
906,WY,2012,940,7572,93.1,69.6,8.7,124.3,1610,10120
907,WY,2013,820,7644,91.5,69.4,7.5,107.5,1610,10080
908,WY,2014,850,7696,92.5,70.0,7.7,110.5,1620,10170
909,WY,2015,810,7765,92.7,70.5,7.3,104.1,1630,10210
910,WY,2016,770,7386,88.7,67.5,7.0,103.7,1550,9710
911,WY,2017,720,6903,84.1,63.9,6.7,104.9,1450,9080
